timestamp,sensor_value
2024-06-01 00:00:00,50.85183358605784
2024-06-01 00:01:00,49.51334531101952
2024-06-01 00:02:00,48.626487358253485
2024-06-01 00:03:00,52.48858005760613
2024-06-01 00:04:00,53.32711975105882
2024-06-01 00:05:00,48.17639094191935
2024-06-01 00:06:00,52.78004393213089
2024-06-01 00:07:00,50.89173933889069
2024-06-01 00:08:00,52.069079178025824
2024-06-01 00:09:00,54.18570564197995
2024-06-01 00:10:00,53.00661403176229
2024-06-01 00:11:00,52.88662411061286
2024-06-01 00:12:00,55.42644413159199
2024-06-01 00:13:00,55.401270583190836
2024-06-01 00:14:00,53.493162360487425
2024-06-01 00:15:00,56.0393833040005
2024-06-01 00:16:00,57.24755381702437
2024-06-01 00:17:00,55.20932386903994
2024-06-01 00:18:00,54.14534460888095
2024-06-01 00:19:00,57.23209473572803
2024-06-01 00:20:00,55.7056404565678
2024-06-01 00:21:00,56.26173023279625
2024-06-01 00:22:00,58.05851309371866
2024-06-01 00:23:00,57.4620653513215
2024-06-01 00:24:00,59.59834930277365
2024-06-01 00:25:00,59.31286371019232
2024-06-01 00:26:00,59.82283901503472
2024-06-01 00:27:00,59.685049557169116
2024-06-01 00:28:00,58.972241309993045
2024-06-01 00:29:00,60.72745362839815
2024-06-01 00:30:00,61.72903897821371
2024-06-01 00:31:00,58.6168338925603
2024-06-01 00:32:00,57.371193563945965
2024-06-01 00:33:00,61.977664419911406
2024-06-01 00:34:00,62.27746654563374
2024-06-01 00:35:00,58.06225682030496
2024-06-01 00:36:00,66.31452255322813
2024-06-01 00:37:00,62.079697803078275
2024-06-01 00:38:00,62.84133524016417
2024-06-01 00:39:00,60.31571019928569
2024-06-01 00:40:00,59.78282478360397
2024-06-01 00:41:00,63.35583799006408
2024-06-01 00:42:00,61.53408289065125
2024-06-01 00:43:00,61.63838442786713
2024-06-01 00:44:00,64.79155517609483
2024-06-01 00:45:00,64.53052135451149
2024-06-01 00:46:00,62.07412126957273
2024-06-01 00:47:00,65.72234464869385
2024-06-01 00:48:00,66.49801897019884
2024-06-01 00:49:00,63.96246246873773
2024-06-01 00:50:00,67.14909514252504
2024-06-01 00:51:00,67.89789933181004
2024-06-01 00:52:00,64.49770450076595
2024-06-01 00:53:00,65.75458037587634
2024-06-01 00:54:00,65.84220044080573
2024-06-01 00:55:00,67.3329439626893
2024-06-01 00:56:00,67.1423282885522
2024-06-01 00:57:00,66.424059992381
2024-06-01 00:58:00,68.77180334334322
2024-06-01 00:59:00,66.26448774527991
2024-06-01 01:00:00,68.91935119670678
2024-06-01 01:01:00,66.03262828505824
2024-06-01 01:02:00,66.84578749722661
2024-06-01 01:03:00,67.32810728581953
2024-06-01 01:04:00,66.63292251249219
2024-06-01 01:05:00,70.4925046368995
2024-06-01 01:06:00,68.05867656318114
2024-06-01 01:07:00,70.12703261278415
2024-06-01 01:08:00,68.65115103998646
2024-06-01 01:09:00,69.7198100006608
2024-06-01 01:10:00,67.15159448874563
2024-06-01 01:11:00,67.80693544098256
2024-06-01 01:12:00,69.56211463232681
2024-06-01 01:13:00,73.40054633900029
2024-06-01 01:14:00,70.7198483610395
2024-06-01 01:15:00,67.60723106447337
2024-06-01 01:16:00,66.18039949853409
2024-06-01 01:17:00,70.00059371826025
2024-06-01 01:18:00,68.51764724536899
2024-06-01 01:19:00,69.35167403210865
2024-06-01 01:20:00,70.10264478683317
2024-06-01 01:21:00,71.50835501068345
2024-06-01 01:22:00,71.04333096245102
2024-06-01 01:23:00,69.98322529678877
2024-06-01 01:24:00,70.42677458521149
2024-06-01 01:25:00,70.33160632208711
2024-06-01 01:26:00,70.43298593738548
2024-06-01 01:27:00,73.45915178732761
2024-06-01 01:28:00,71.94546737815094
2024-06-01 01:29:00,69.30873655361685
2024-06-01 01:30:00,69.16311384254695
2024-06-01 01:31:00,69.86617489121464
2024-06-01 01:32:00,70.22352407551415
2024-06-01 01:33:00,70.1426423190651
2024-06-01 01:34:00,67.32266035878501
2024-06-01 01:35:00,70.65588352874737
2024-06-01 01:36:00,71.76894325508343
2024-06-01 01:37:00,67.60583839178359
2024-06-01 01:38:00,69.66949369696025
2024-06-01 01:39:00,69.1714430391512
2024-06-01 01:40:00,999.0
2024-06-01 01:41:00,68.97447760390787
2024-06-01 01:42:00,70.47002353180743
2024-06-01 01:43:00,68.83214805072713
2024-06-01 01:44:00,70.48550799443036
2024-06-01 01:45:00,67.07255327120625
2024-06-01 01:46:00,71.3919439176714
2024-06-01 01:47:00,71.33740816624899
2024-06-01 01:48:00,64.80334877618017
2024-06-01 01:49:00,68.27854999420182
2024-06-01 01:50:00,68.81616627027438
2024-06-01 01:51:00,68.03207230422906
2024-06-01 01:52:00,68.05052855506304
2024-06-01 01:53:00,69.57086854599888
2024-06-01 01:54:00,69.2982406784579
2024-06-01 01:55:00,68.28314244358509
2024-06-01 01:56:00,68.79692622228679
2024-06-01 01:57:00,69.40806415937675
2024-06-01 01:58:00,68.89089191316185
2024-06-01 01:59:00,66.58050029991698
2024-06-01 02:00:00,71.20931156957552
2024-06-01 02:01:00,65.44086559026685
2024-06-01 02:02:00,68.48306090460018
2024-06-01 02:03:00,66.85053536131294
2024-06-01 02:04:00,65.64347898511639
2024-06-01 02:05:00,68.06955551261363
2024-06-01 02:06:00,67.39808051917628
2024-06-01 02:07:00,66.83662046328904
2024-06-01 02:08:00,65.96420708093288
2024-06-01 02:09:00,66.27913855142808
2024-06-01 02:10:00,65.43744181706847
2024-06-01 02:11:00,64.73870652560227
2024-06-01 02:12:00,66.0045102789275
2024-06-01 02:13:00,63.72190497257387
2024-06-01 02:14:00,63.30774309857944
2024-06-01 02:15:00,63.71410886638567
2024-06-01 02:16:00,62.21107399640996
2024-06-01 02:17:00,63.63239992980152
2024-06-01 02:18:00,61.17535222774467
2024-06-01 02:19:00,62.35171017391894
2024-06-01 02:20:00,64.69228994690137
2024-06-01 02:21:00,62.83949519859787
2024-06-01 02:22:00,63.93071118112614
2024-06-01 02:23:00,59.25900106438326
2024-06-01 02:24:00,62.61326616738893
2024-06-01 02:25:00,62.42426491521306
2024-06-01 02:26:00,62.21671959236653
2024-06-01 02:27:00,60.458869854134804
2024-06-01 02:28:00,58.94579156880513
2024-06-01 02:29:00,62.881402146438006
2024-06-01 02:30:00,62.71252541851822
2024-06-01 02:31:00,58.983562596868
2024-06-01 02:32:00,58.890391970020616
2024-06-01 02:33:00,61.04720923748464
2024-06-01 02:34:00,58.48317348148189
2024-06-01 02:35:00,57.932051314684166
2024-06-01 02:36:00,58.963831323986746
2024-06-01 02:37:00,57.096665058770704
2024-06-01 02:38:00,56.666626197338694
2024-06-01 02:39:00,57.40062617448862
2024-06-01 02:40:00,57.469278349560746
2024-06-01 02:41:00,57.173493483841
2024-06-01 02:42:00,57.18716640490654
2024-06-01 02:43:00,54.69678084366364
2024-06-01 02:44:00,57.131933894930285
2024-06-01 02:45:00,54.31531331219152
2024-06-01 02:46:00,53.94897002105263
2024-06-01 02:47:00,53.4015543635774
2024-06-01 02:48:00,51.420186385559525
2024-06-01 02:49:00,53.4277614587045
2024-06-01 02:50:00,50.50283267378076
2024-06-01 02:51:00,53.66541670405015
2024-06-01 02:52:00,54.87219244845485
2024-06-01 02:53:00,53.875244221396024
2024-06-01 02:54:00,52.13758343301516
2024-06-01 02:55:00,51.69851144246114
2024-06-01 02:56:00,51.74434520713305
2024-06-01 02:57:00,50.29236551371084
2024-06-01 02:58:00,48.361311541179234
2024-06-01 02:59:00,49.30353112366995
2024-06-01 03:00:00,49.508217914701476
2024-06-01 03:01:00,51.72338470565305
2024-06-01 03:02:00,49.096006649173354
2024-06-01 03:03:00,49.89302575655208
2024-06-01 03:04:00,47.615309920426746
2024-06-01 03:05:00,46.9838067243206
2024-06-01 03:06:00,47.68524725324205
2024-06-01 03:07:00,48.22548256061158
2024-06-01 03:08:00,44.53679954787701
2024-06-01 03:09:00,46.649166291031676
2024-06-01 03:10:00,47.06998084942629
2024-06-01 03:11:00,44.76159138824513
2024-06-01 03:12:00,47.43213398106787
2024-06-01 03:13:00,45.70757153252572
2024-06-01 03:14:00,47.083207106686835
2024-06-01 03:15:00,41.69436348540749
2024-06-01 03:16:00,43.164699217987256
2024-06-01 03:17:00,43.64860480216534
2024-06-01 03:18:00,43.46748330658413
2024-06-01 03:19:00,42.042199213358074
2024-06-01 03:20:00,41.9447687020381
2024-06-01 03:21:00,43.66346665140851
2024-06-01 03:22:00,40.35754569212479
2024-06-01 03:23:00,43.19839571951387
2024-06-01 03:24:00,42.24232713126291
2024-06-01 03:25:00,39.91042985128419
2024-06-01 03:26:00,39.03300087603838
2024-06-01 03:27:00,37.78001320548323
2024-06-01 03:28:00,41.15177734333716
2024-06-01 03:29:00,39.046850753676026
2024-06-01 03:30:00,38.95615686980918
2024-06-01 03:31:00,39.31425575540508
2024-06-01 03:32:00,38.059476279159064
2024-06-01 03:33:00,39.55654088034956
2024-06-01 03:34:00,38.71447432477899
2024-06-01 03:35:00,38.112591586491035
2024-06-01 03:36:00,37.43425066948126
2024-06-01 03:37:00,37.755715242584344
2024-06-01 03:38:00,38.72893407823955
2024-06-01 03:39:00,37.05420782169645
2024-06-01 03:40:00,39.231224020383934
2024-06-01 03:41:00,37.448863286239146
2024-06-01 03:42:00,36.50788070635678
2024-06-01 03:43:00,36.26005655252072
2024-06-01 03:44:00,37.39574123187015
2024-06-01 03:45:00,35.9888902339135
2024-06-01 03:46:00,36.29064475217082
2024-06-01 03:47:00,36.617350486580015
2024-06-01 03:48:00,34.983768868993266
2024-06-01 03:49:00,33.01676961520149
2024-06-01 03:50:00,33.66855625070101
2024-06-01 03:51:00,35.23185217449588
2024-06-01 03:52:00,35.87310736648958
2024-06-01 03:53:00,32.43357222647326
2024-06-01 03:54:00,35.38998086261507
2024-06-01 03:55:00,35.026490216104214
2024-06-01 03:56:00,34.29314132612642
2024-06-01 03:57:00,35.23408488071511
2024-06-01 03:58:00,32.039556951227475
2024-06-01 03:59:00,31.439220454948778
2024-06-01 04:00:00,32.26989437675696
2024-06-01 04:01:00,32.373406190081994
2024-06-01 04:02:00,31.680530653592818
2024-06-01 04:03:00,31.554828682775497
2024-06-01 04:04:00,33.390538567506404
2024-06-01 04:05:00,33.40408864509097
2024-06-01 04:06:00,30.927555569357065
2024-06-01 04:07:00,32.59127201714257
2024-06-01 04:08:00,29.742351772357615
2024-06-01 04:09:00,32.47368709533016
2024-06-01 04:10:00,32.36044282839031
2024-06-01 04:11:00,31.211577515529875
2024-06-01 04:12:00,31.034164254919926
2024-06-01 04:13:00,31.72094332848448
2024-06-01 04:14:00,33.16748660314172
2024-06-01 04:15:00,29.82237241377107
2024-06-01 04:16:00,30.683945373354778
2024-06-01 04:17:00,28.375744637430845
2024-06-01 04:18:00,30.37828122157935
2024-06-01 04:19:00,31.057742268753156
2024-06-01 04:20:00,28.6687086048487
2024-06-01 04:21:00,28.260404219924965
2024-06-01 04:22:00,30.881291612052852
2024-06-01 04:23:00,30.143246797016307
2024-06-01 04:24:00,32.090713187652376
2024-06-01 04:25:00,30.936726637721883
2024-06-01 04:26:00,28.46509334829024
2024-06-01 04:27:00,28.115723106053903
2024-06-01 04:28:00,31.929488823763887
2024-06-01 04:29:00,31.27199923837365
2024-06-01 04:30:00,28.897251756726348
2024-06-01 04:31:00,30.006868781432832
2024-06-01 04:32:00,27.458198337460693
2024-06-01 04:33:00,32.04197111078873
2024-06-01 04:34:00,28.924165968838263
2024-06-01 04:35:00,30.455280846062816
2024-06-01 04:36:00,30.65996104664816
2024-06-01 04:37:00,30.617799438827035
2024-06-01 04:38:00,30.04940948802526
2024-06-01 04:39:00,29.497855414091905
2024-06-01 04:40:00,30.067188430522698
2024-06-01 04:41:00,29.590467755702164
2024-06-01 04:42:00,27.547063512237308
2024-06-01 04:43:00,32.96739571421732
2024-06-01 04:44:00,30.646596390266122
2024-06-01 04:45:00,32.78525548904563
2024-06-01 04:46:00,32.63195297430385
2024-06-01 04:47:00,29.18215044465648
2024-06-01 04:48:00,29.8034709054435
2024-06-01 04:49:00,29.986740345267084
2024-06-01 04:50:00,31.261328589141936
2024-06-01 04:51:00,31.350526287112586
2024-06-01 04:52:00,33.25613578897383
2024-06-01 04:53:00,33.466198242830835
2024-06-01 04:54:00,31.65608714961929
2024-06-01 04:55:00,33.480689639984334
2024-06-01 04:56:00,32.419365932721135
2024-06-01 04:57:00,33.06623883928225
2024-06-01 04:58:00,30.978589686401826
2024-06-01 04:59:00,34.05949367171765
2024-06-01 05:00:00,32.68971829952677
2024-06-01 05:01:00,32.460511476668486
2024-06-01 05:02:00,30.635188648701735
2024-06-01 05:03:00,33.86555829812892
2024-06-01 05:04:00,33.158380980427424
2024-06-01 05:05:00,33.15241531860301
2024-06-01 05:06:00,35.67838291992655
2024-06-01 05:07:00,34.22182563583887
2024-06-01 05:08:00,34.82116299193255
2024-06-01 05:09:00,32.67490384837471
2024-06-01 05:10:00,36.597103447237174
2024-06-01 05:11:00,34.75554066567942
2024-06-01 05:12:00,34.54528348163445
2024-06-01 05:13:00,38.17703067241962
2024-06-01 05:14:00,35.48425860703939
2024-06-01 05:15:00,35.214099847907534
2024-06-01 05:16:00,36.590500193754416
2024-06-01 05:17:00,33.38876983755932
2024-06-01 05:18:00,36.434634191302905
2024-06-01 05:19:00,39.36854128309783
2024-06-01 05:20:00,36.95409744205152
2024-06-01 05:21:00,35.04197514183851
2024-06-01 05:22:00,37.01881070760097
2024-06-01 05:23:00,36.07518278650889
2024-06-01 05:24:00,36.62407657920232
2024-06-01 05:25:00,38.60517005883137
2024-06-01 05:26:00,37.2199827020514
2024-06-01 05:27:00,41.08659366443418
2024-06-01 05:28:00,37.79721649678882
2024-06-01 05:29:00,41.089009687734546
2024-06-01 05:30:00,41.90792533281097
2024-06-01 05:31:00,37.894002666266886
2024-06-01 05:32:00,39.3540591104432
2024-06-01 05:33:00,41.503097565411174
2024-06-01 05:34:00,44.79737862649225
2024-06-01 05:35:00,41.546901278368686
2024-06-01 05:36:00,40.27446487921407
2024-06-01 05:37:00,42.29871979340056
2024-06-01 05:38:00,42.20957671911251
2024-06-01 05:39:00,42.26486405504455
2024-06-01 05:40:00,42.87256420684347
2024-06-01 05:41:00,44.358946250532114
2024-06-01 05:42:00,43.31493557587141
2024-06-01 05:43:00,43.13232243020431
2024-06-01 05:44:00,44.08085431762309
2024-06-01 05:45:00,44.96612107575741
2024-06-01 05:46:00,47.004623084194044
2024-06-01 05:47:00,46.28210130141814
2024-06-01 05:48:00,45.951147964158
2024-06-01 05:49:00,43.915373663892915
2024-06-01 05:50:00,46.6301713800997
2024-06-01 05:51:00,48.787069353650764
2024-06-01 05:52:00,48.69617745807925
2024-06-01 05:53:00,47.648225312684545
2024-06-01 05:54:00,46.15201110502358
2024-06-01 05:55:00,48.97766094004079
2024-06-01 05:56:00,48.075884099326764
2024-06-01 05:57:00,48.70733108452051
2024-06-01 05:58:00,48.695141562406576
2024-06-01 05:59:00,49.39654107449776
2024-06-01 06:00:00,52.408066743519406
2024-06-01 06:01:00,51.50514145565253
2024-06-01 06:02:00,50.664013532451065
2024-06-01 06:03:00,52.269737513045186
2024-06-01 06:04:00,54.58805661133171
2024-06-01 06:05:00,52.37740253639571
2024-06-01 06:06:00,52.342859131024774
2024-06-01 06:07:00,53.72180195955551
2024-06-01 06:08:00,52.44399603579589
2024-06-01 06:09:00,50.266708289614584
2024-06-01 06:10:00,53.68535552851957
2024-06-01 06:11:00,53.422679744851386
2024-06-01 06:12:00,54.13403104061537
2024-06-01 06:13:00,55.889725147858194
2024-06-01 06:14:00,55.82730433906874
2024-06-01 06:15:00,53.675805972902545
2024-06-01 06:16:00,56.82219705143143
2024-06-01 06:17:00,55.84448660364534
2024-06-01 06:18:00,58.442361345060334
2024-06-01 06:19:00,56.41430275350587
2024-06-01 06:20:00,56.361378986187106
2024-06-01 06:21:00,58.27680625841848
2024-06-01 06:22:00,58.402713401678
2024-06-01 06:23:00,58.927587008873594
2024-06-01 06:24:00,58.845942453991704
2024-06-01 06:25:00,59.049601494498354
2024-06-01 06:26:00,57.896539732013785
2024-06-01 06:27:00,58.834561346509055
2024-06-01 06:28:00,61.49158040250844
2024-06-01 06:29:00,57.30188531183731
2024-06-01 06:30:00,61.94619633324535
2024-06-01 06:31:00,63.080455076458954
2024-06-01 06:32:00,58.814316020864325
2024-06-01 06:33:00,60.55308574807657
2024-06-01 06:34:00,62.18494122277352
2024-06-01 06:35:00,58.82505610673592
2024-06-01 06:36:00,62.14099491357355
2024-06-01 06:37:00,59.78884255611339
2024-06-01 06:38:00,63.758038539728666
2024-06-01 06:39:00,62.34499026348711
2024-06-01 06:40:00,63.44601184844078
2024-06-01 06:41:00,65.4347722259996
2024-06-01 06:42:00,66.90667411914073
2024-06-01 06:43:00,61.89948899076213
2024-06-01 06:44:00,62.45206106908148
2024-06-01 06:45:00,66.34628253449719
2024-06-01 06:46:00,63.246148507362015
2024-06-01 06:47:00,62.99462953388083
2024-06-01 06:48:00,65.08873819082373
2024-06-01 06:49:00,64.7097459121859
2024-06-01 06:50:00,64.71960184205936
2024-06-01 06:51:00,65.36702821074428
2024-06-01 06:52:00,66.4902046292378
2024-06-01 06:53:00,66.65714738075283
2024-06-01 06:54:00,66.9527934216914
2024-06-01 06:55:00,67.01392542776141
2024-06-01 06:56:00,66.45034429048205
2024-06-01 06:57:00,67.82387462356427
2024-06-01 06:58:00,63.67846486414587
2024-06-01 06:59:00,66.0106244884448
2024-06-01 07:00:00,66.38813314385709
2024-06-01 07:01:00,67.67712057508845
2024-06-01 07:02:00,66.55804392700689
2024-06-01 07:03:00,69.37074997089952
2024-06-01 07:04:00,68.08168098663245
2024-06-01 07:05:00,70.33152486854539
2024-06-01 07:06:00,67.53870218088409
2024-06-01 07:07:00,67.95540738179781
2024-06-01 07:08:00,68.06431005141444
2024-06-01 07:09:00,67.12472511733762
2024-06-01 07:10:00,66.13880685746663
2024-06-01 07:11:00,68.1932011208632
2024-06-01 07:12:00,68.89276429337927
2024-06-01 07:13:00,69.49212499360745
2024-06-01 07:14:00,65.73988439261493
2024-06-01 07:15:00,70.2404580191866
2024-06-01 07:16:00,67.04043407442032
2024-06-01 07:17:00,66.568718269788
2024-06-01 07:18:00,68.25769487847252
2024-06-01 07:19:00,67.75042515209198
2024-06-01 07:20:00,66.90536394208775
2024-06-01 07:21:00,69.78738458229085
2024-06-01 07:22:00,72.45699166681035
2024-06-01 07:23:00,70.21808146135136
2024-06-01 07:24:00,73.35849009437925
2024-06-01 07:25:00,68.12570064522515
2024-06-01 07:26:00,70.72561809700633
2024-06-01 07:27:00,70.76546082540258
2024-06-01 07:28:00,69.71730922183522
2024-06-01 07:29:00,68.39905807574185
2024-06-01 07:30:00,69.48039068390287
2024-06-01 07:31:00,69.37833598742198
2024-06-01 07:32:00,71.24797474453305
2024-06-01 07:33:00,69.20646018102491
2024-06-01 07:34:00,68.82052904289759
2024-06-01 07:35:00,71.49335699029496
2024-06-01 07:36:00,70.67301628381571
2024-06-01 07:37:00,68.53633628938236
2024-06-01 07:38:00,68.96828581118068
2024-06-01 07:39:00,71.17159665464064
2024-06-01 07:40:00,70.21493273365694
2024-06-01 07:41:00,69.85172662007926
2024-06-01 07:42:00,69.40526076424162
2024-06-01 07:43:00,69.43678635024422
2024-06-01 07:44:00,70.22176472734759
2024-06-01 07:45:00,72.05117170764159
2024-06-01 07:46:00,69.94386586532704
2024-06-01 07:47:00,70.29214192485107
2024-06-01 07:48:00,69.59175790658384
2024-06-01 07:49:00,70.62721650856803
2024-06-01 07:50:00,66.16521897628742
2024-06-01 07:51:00,69.54023231435835
2024-06-01 07:52:00,68.7016310274678
2024-06-01 07:53:00,69.63118663381033
2024-06-01 07:54:00,67.78266440709115
2024-06-01 07:55:00,66.70588589894693
2024-06-01 07:56:00,69.21581341527856
2024-06-01 07:57:00,69.49560255580893
2024-06-01 07:58:00,66.35932444128322
2024-06-01 07:59:00,67.5706614906495
2024-06-01 08:00:00,66.99216799367088
2024-06-01 08:01:00,66.83100801419492
2024-06-01 08:02:00,67.59200683565831
2024-06-01 08:03:00,67.17800371189821
2024-06-01 08:04:00,65.8124011392658
2024-06-01 08:05:00,66.44126392002144
2024-06-01 08:06:00,66.02069074198167
2024-06-01 08:07:00,65.33240383291857
2024-06-01 08:08:00,65.31234970210603
2024-06-01 08:09:00,63.14412758728962
2024-06-01 08:10:00,64.56874400253596
2024-06-01 08:11:00,65.25602061812275
2024-06-01 08:12:00,63.99789230836737
2024-06-01 08:13:00,63.67961672260778
2024-06-01 08:14:00,64.73610001172021
2024-06-01 08:15:00,61.871628428115585
2024-06-01 08:16:00,62.43737624081243
2024-06-01 08:17:00,62.77774406581287
2024-06-01 08:18:00,63.73482926528311
2024-06-01 08:19:00,64.4125289810876
2024-06-01 08:20:00,
2024-06-01 08:21:00,62.03897025990659
2024-06-01 08:22:00,61.621800576258444
2024-06-01 08:23:00,63.39517165371109
2024-06-01 08:24:00,62.50885346821768
2024-06-01 08:25:00,63.22556287566101
2024-06-01 08:26:00,61.10578845764689
2024-06-01 08:27:00,59.744350448690625
2024-06-01 08:28:00,60.83421572482792
2024-06-01 08:29:00,60.60683338651085
2024-06-01 08:30:00,57.10216163049891
2024-06-01 08:31:00,60.865868901879516
2024-06-01 08:32:00,60.88120617882024
2024-06-01 08:33:00,59.485848933167304
2024-06-01 08:34:00,56.92516083636862
2024-06-01 08:35:00,58.99261291315527
2024-06-01 08:36:00,56.490285259822784
2024-06-01 08:37:00,59.84253909967056
2024-06-01 08:38:00,57.31201430189091
2024-06-01 08:39:00,56.890857616467954
2024-06-01 08:40:00,58.4649260702681
2024-06-01 08:41:00,59.04089339676282
2024-06-01 08:42:00,56.09627307167405
2024-06-01 08:43:00,54.127012036659984
2024-06-01 08:44:00,54.0968840790897
2024-06-01 08:45:00,56.2566182063897
2024-06-01 08:46:00,55.198301973790805
2024-06-01 08:47:00,54.23727947877597
2024-06-01 08:48:00,53.38845801034688
2024-06-01 08:49:00,51.1278446556145
2024-06-01 08:50:00,53.177723204238966
2024-06-01 08:51:00,56.51923359906838
2024-06-01 08:52:00,52.49016690275462
2024-06-01 08:53:00,49.870873888504235
2024-06-01 08:54:00,50.64036121953841
2024-06-01 08:55:00,49.02845815380433
2024-06-01 08:56:00,50.41422033106175
2024-06-01 08:57:00,50.88905213741663
2024-06-01 08:58:00,50.31470172970169
2024-06-01 08:59:00,51.319638240416495
2024-06-01 09:00:00,49.348870424172
2024-06-01 09:01:00,49.8097626459708
2024-06-01 09:02:00,50.62498783504595
2024-06-01 09:03:00,51.177161432674254
2024-06-01 09:04:00,48.32434325822405
2024-06-01 09:05:00,48.926127786468584
2024-06-01 09:06:00,47.90510029909111
2024-06-01 09:07:00,47.6105287341647
2024-06-01 09:08:00,47.410688315914
2024-06-01 09:09:00,48.277457330802356
2024-06-01 09:10:00,44.82038967076742
2024-06-01 09:11:00,46.14023867867968
2024-06-01 09:12:00,47.22796386889789
2024-06-01 09:13:00,47.25498957531611
2024-06-01 09:14:00,47.1181123038459
2024-06-01 09:15:00,45.51661110379287
2024-06-01 09:16:00,43.69363036310939
2024-06-01 09:17:00,44.54526631001488
2024-06-01 09:18:00,41.303847960172426
2024-06-01 09:19:00,46.162841613104746
2024-06-01 09:20:00,41.92959882843889
2024-06-01 09:21:00,43.808712676112044
2024-06-01 09:22:00,42.299200875093945
2024-06-01 09:23:00,42.62133625480244
2024-06-01 09:24:00,42.61311808922136
2024-06-01 09:25:00,40.57004651056117
2024-06-01 09:26:00,41.32557887163427
2024-06-01 09:27:00,40.784629377254355
2024-06-01 09:28:00,39.871309387186045
2024-06-01 09:29:00,39.81402463707029
2024-06-01 09:30:00,40.15006059774046
2024-06-01 09:31:00,42.70750649912709
2024-06-01 09:32:00,37.20660465480837
2024-06-01 09:33:00,38.75811356033094
2024-06-01 09:34:00,39.53404173544969
2024-06-01 09:35:00,35.10254090242424
2024-06-01 09:36:00,36.43758681189903
2024-06-01 09:37:00,36.450988996196344
2024-06-01 09:38:00,36.36944351748514
2024-06-01 09:39:00,39.187160473768365
2024-06-01 09:40:00,35.254335627573646
2024-06-01 09:41:00,37.565492267028375
2024-06-01 09:42:00,37.92617312437243
2024-06-01 09:43:00,38.45691484521751
2024-06-01 09:44:00,34.316356617899345
2024-06-01 09:45:00,35.87210628516493
2024-06-01 09:46:00,36.04640180985542
2024-06-01 09:47:00,37.444584915131074
2024-06-01 09:48:00,34.24900056155985
2024-06-01 09:49:00,33.94530957451931
2024-06-01 09:50:00,32.26042208154592
2024-06-01 09:51:00,35.21357456222997
2024-06-01 09:52:00,33.45625462846734
2024-06-01 09:53:00,32.15060432841067
2024-06-01 09:54:00,33.91553885136186
2024-06-01 09:55:00,32.926058701974874
2024-06-01 09:56:00,33.46744792924683
2024-06-01 09:57:00,31.34206599674218
2024-06-01 09:58:00,30.771017109118286
2024-06-01 09:59:00,30.531305346738822
2024-06-01 10:00:00,32.5870713230755
2024-06-01 10:01:00,31.761603995541652
2024-06-01 10:02:00,33.9151721597774
2024-06-01 10:03:00,31.695254145015827
2024-06-01 10:04:00,34.73013627133625
2024-06-01 10:05:00,30.643232476294877
2024-06-01 10:06:00,31.137402538510607
2024-06-01 10:07:00,31.234737679912236
2024-06-01 10:08:00,31.952825430907804
2024-06-01 10:09:00,31.152728175416843
2024-06-01 10:10:00,30.91243696721979
2024-06-01 10:11:00,32.320790639541556
2024-06-01 10:12:00,29.76412702468739
2024-06-01 10:13:00,34.30551431718793
2024-06-01 10:14:00,29.81400353711747
2024-06-01 10:15:00,30.254865434554045
2024-06-01 10:16:00,33.088884879652575
2024-06-01 10:17:00,29.41973630693625
2024-06-01 10:18:00,32.990489450860224
2024-06-01 10:19:00,31.92431133249656
2024-06-01 10:20:00,28.490203138643274
2024-06-01 10:21:00,29.411292504030133
2024-06-01 10:22:00,31.686149591265135
2024-06-01 10:23:00,31.4127559857487
2024-06-01 10:24:00,30.273605810405805
2024-06-01 10:25:00,29.0126717495726
2024-06-01 10:26:00,31.995750677118618
2024-06-01 10:27:00,29.68518482053277
2024-06-01 10:28:00,28.922391810700645
2024-06-01 10:29:00,29.139016787294597
2024-06-01 10:30:00,28.26117350479289
2024-06-01 10:31:00,28.754853682262937
2024-06-01 10:32:00,29.68637032683377
2024-06-01 10:33:00,29.558980241960874
2024-06-01 10:34:00,31.30396336729365
2024-06-01 10:35:00,30.417407910667606
2024-06-01 10:36:00,28.136387592960986
2024-06-01 10:37:00,30.94843392315859
2024-06-01 10:38:00,32.66057837085505
2024-06-01 10:39:00,30.679069238454804
2024-06-01 10:40:00,30.000198207172026
2024-06-01 10:41:00,32.290244700038336
2024-06-01 10:42:00,30.943527384372334
2024-06-01 10:43:00,30.777614065365988
2024-06-01 10:44:00,29.244319615366877
2024-06-01 10:45:00,32.30968791414375
2024-06-01 10:46:00,31.709713499085577
2024-06-01 10:47:00,31.45187894271343
2024-06-01 10:48:00,27.660933444887416
2024-06-01 10:49:00,29.77429933084477
2024-06-01 10:50:00,31.60741660372281
2024-06-01 10:51:00,31.853478364230874
2024-06-01 10:52:00,32.02361687584654
2024-06-01 10:53:00,34.551707024523054
2024-06-01 10:54:00,30.924377458232236
2024-06-01 10:55:00,34.76702784078652
2024-06-01 10:56:00,32.00605460404991
2024-06-01 10:57:00,32.34431972746519
2024-06-01 10:58:00,31.347352585904044
2024-06-01 10:59:00,32.66598924945905
2024-06-01 11:00:00,31.794646950384056
2024-06-01 11:01:00,31.696407670732146
2024-06-01 11:02:00,35.24678144119643
2024-06-01 11:03:00,32.83767756958818
2024-06-01 11:04:00,33.80317893443877
2024-06-01 11:05:00,32.99482128597982
2024-06-01 11:06:00,32.041107077423206
2024-06-01 11:07:00,32.5068301898778
2024-06-01 11:08:00,35.93441306610546
2024-06-01 11:09:00,33.06121428242344
2024-06-01 11:10:00,34.78708095109922
2024-06-01 11:11:00,34.88154893494662
2024-06-01 11:12:00,35.23151879850151
2024-06-01 11:13:00,36.395525883015345
2024-06-01 11:14:00,36.1752582263465
2024-06-01 11:15:00,35.58117470755604
2024-06-01 11:16:00,38.07236936791737
2024-06-01 11:17:00,37.007978287154764
2024-06-01 11:18:00,38.047584429385566
2024-06-01 11:19:00,33.61474597161996
2024-06-01 11:20:00,36.97356552436896
2024-06-01 11:21:00,38.34264047673039
2024-06-01 11:22:00,34.83782399903531
2024-06-01 11:23:00,36.8781043100915
2024-06-01 11:24:00,40.01122588376803
2024-06-01 11:25:00,38.78417036883753
2024-06-01 11:26:00,38.89641955857344
2024-06-01 11:27:00,40.029597008066936
2024-06-01 11:28:00,40.27396153525138
2024-06-01 11:29:00,37.96931121875955
2024-06-01 11:30:00,39.463729825579136
2024-06-01 11:31:00,40.93660656967184
2024-06-01 11:32:00,40.18730756902129
2024-06-01 11:33:00,42.72098839997747
2024-06-01 11:34:00,40.53250463144527
2024-06-01 11:35:00,39.96449553455704
2024-06-01 11:36:00,42.80332220877917
2024-06-01 11:37:00,44.73095152902467
2024-06-01 11:38:00,44.560320925527826
2024-06-01 11:39:00,42.324013808767745
2024-06-01 11:40:00,43.80789788624013
2024-06-01 11:41:00,44.1138642877991
2024-06-01 11:42:00,44.65098906211626
2024-06-01 11:43:00,43.10363144686232
2024-06-01 11:44:00,46.5151234277475
2024-06-01 11:45:00,41.80928025052031
2024-06-01 11:46:00,44.652171818897635
2024-06-01 11:47:00,42.77028801643325
2024-06-01 11:48:00,49.600562845465475
2024-06-01 11:49:00,47.93727561582191
2024-06-01 11:50:00,44.61685048296785
2024-06-01 11:51:00,48.779186363285554
2024-06-01 11:52:00,47.26538739618704
2024-06-01 11:53:00,47.20690623466852
2024-06-01 11:54:00,46.969041224442115
2024-06-01 11:55:00,50.09758048156033
2024-06-01 11:56:00,48.84660888205376
2024-06-01 11:57:00,49.43527480075147
2024-06-01 11:58:00,48.2593044914227
2024-06-01 11:59:00,48.28360661039468
2024-06-01 12:00:00,49.77814256362696
2024-06-01 12:01:00,52.31032837703751
2024-06-01 12:02:00,51.9804900372842
2024-06-01 12:03:00,52.109138712570946
2024-06-01 12:04:00,52.55710415494371
2024-06-01 12:05:00,51.89099351660745
2024-06-01 12:06:00,52.435211540123014
2024-06-01 12:07:00,52.62628477354634
2024-06-01 12:08:00,54.16681153279561
2024-06-01 12:09:00,56.4581418814825
2024-06-01 12:10:00,52.85662134265721
2024-06-01 12:11:00,54.426762824909765
2024-06-01 12:12:00,55.930778253175085
2024-06-01 12:13:00,55.09770868077757
2024-06-01 12:14:00,55.70825607091307
2024-06-01 12:15:00,55.13421433265171
2024-06-01 12:16:00,53.73661735657931
2024-06-01 12:17:00,56.40107682986939
2024-06-01 12:18:00,58.2601389714766
2024-06-01 12:19:00,56.589119395120065
2024-06-01 12:20:00,57.16673300206031
2024-06-01 12:21:00,59.00837892562965
2024-06-01 12:22:00,58.15411175705571
2024-06-01 12:23:00,55.822574100106735
2024-06-01 12:24:00,61.228669779498695
2024-06-01 12:25:00,60.685910847587735
2024-06-01 12:26:00,57.09639032366743
2024-06-01 12:27:00,58.9541542409309
2024-06-01 12:28:00,57.805242685680774
2024-06-01 12:29:00,61.987980452684944
2024-06-01 12:30:00,61.511938749052504
2024-06-01 12:31:00,62.19006091117779
2024-06-01 12:32:00,60.24571417776406
2024-06-01 12:33:00,62.183136318552215
2024-06-01 12:34:00,63.29590928005969
2024-06-01 12:35:00,65.0354092228957
2024-06-01 12:36:00,60.02091787882587
2024-06-01 12:37:00,63.86409438169073
2024-06-01 12:38:00,61.87373972573296
2024-06-01 12:39:00,61.8231099608881
2024-06-01 12:40:00,64.6424740872195
2024-06-01 12:41:00,64.97782876343621
2024-06-01 12:42:00,62.58648415293902
2024-06-01 12:43:00,65.48204101687878
2024-06-01 12:44:00,65.50053153562156
2024-06-01 12:45:00,62.470408007662016
2024-06-01 12:46:00,64.70976337490391
2024-06-01 12:47:00,65.80473832669013
2024-06-01 12:48:00,63.451480178203205
2024-06-01 12:49:00,63.504877949279724
2024-06-01 12:50:00,67.1317691972587
2024-06-01 12:51:00,63.153455097350026
2024-06-01 12:52:00,66.79666962723597
2024-06-01 12:53:00,66.82000779505115
2024-06-01 12:54:00,67.11048144939525
2024-06-01 12:55:00,67.35037917744782
2024-06-01 12:56:00,67.7548913359686
2024-06-01 12:57:00,65.34240178145173
2024-06-01 12:58:00,66.91315642951488
2024-06-01 12:59:00,67.39890691107462
2024-06-01 13:00:00,68.34215395119358
2024-06-01 13:01:00,66.46810124796568
2024-06-01 13:02:00,64.18211426729347
2024-06-01 13:03:00,67.65289027633209
2024-06-01 13:04:00,70.05872734413788
2024-06-01 13:05:00,67.91788372400468
2024-06-01 13:06:00,66.91555901544584
2024-06-01 13:07:00,69.45722404704529
2024-06-01 13:08:00,69.40035497724003
2024-06-01 13:09:00,69.34048655193993
2024-06-01 13:10:00,66.29163011215336
2024-06-01 13:11:00,69.6590031846448
2024-06-01 13:12:00,69.7230398775923
2024-06-01 13:13:00,69.4192344086377
2024-06-01 13:14:00,68.66595728222687
2024-06-01 13:15:00,70.33738567346037
2024-06-01 13:16:00,69.84686011186831
2024-06-01 13:17:00,69.51270485654308
2024-06-01 13:18:00,69.2243945785204
2024-06-01 13:19:00,69.83612323290153
2024-06-01 13:20:00,69.48846981785009
2024-06-01 13:21:00,71.6330261133305
2024-06-01 13:22:00,70.27533917041278
2024-06-01 13:23:00,69.65058444263128
2024-06-01 13:24:00,69.2467513887553
2024-06-01 13:25:00,68.12931386254725
2024-06-01 13:26:00,70.90576102807718
2024-06-01 13:27:00,69.06857653956641
2024-06-01 13:28:00,72.45487345590512
2024-06-01 13:29:00,70.66431324720403
2024-06-01 13:30:00,69.75278171468464
2024-06-01 13:31:00,70.63364357692383
2024-06-01 13:32:00,71.48608039244857
2024-06-01 13:33:00,69.59222513481163
2024-06-01 13:34:00,68.95001937803481
2024-06-01 13:35:00,70.62931863764763
2024-06-01 13:36:00,71.99578845975182
2024-06-01 13:37:00,70.85863500726273
2024-06-01 13:38:00,69.97699220135871
2024-06-01 13:39:00,70.31229929793278
2024-06-01 13:40:00,68.20535246438814
2024-06-01 13:41:00,70.11150241281662
2024-06-01 13:42:00,69.32380196428255
2024-06-01 13:43:00,67.81240004736172
2024-06-01 13:44:00,66.84064628519752
2024-06-01 13:45:00,71.28825538560757
2024-06-01 13:46:00,69.2365789191853
2024-06-01 13:47:00,66.26297229469706
2024-06-01 13:48:00,69.82197932349602
2024-06-01 13:49:00,68.21468310156806
2024-06-01 13:50:00,69.44167356802792
2024-06-01 13:51:00,67.16738624063693
2024-06-01 13:52:00,64.96061423377972
2024-06-01 13:53:00,70.24389146541796
2024-06-01 13:54:00,68.95961529506161
2024-06-01 13:55:00,69.5175918412852
2024-06-01 13:56:00,67.08300365316327
2024-06-01 13:57:00,67.24933029836144
2024-06-01 13:58:00,69.56357430314715
2024-06-01 13:59:00,68.25458510131908
2024-06-01 14:00:00,68.94585285261822
2024-06-01 14:01:00,66.87532556692173
2024-06-01 14:02:00,66.8558400360845
2024-06-01 14:03:00,69.92004067950245
2024-06-01 14:04:00,68.48077936148087
2024-06-01 14:05:00,63.051449371086626
2024-06-01 14:06:00,65.66135772487426
2024-06-01 14:07:00,63.969904548243576
2024-06-01 14:08:00,65.56227304905289
2024-06-01 14:09:00,63.609164326288656
2024-06-01 14:10:00,65.53409569970712
2024-06-01 14:11:00,64.84415944926712
2024-06-01 14:12:00,62.75541409048549
2024-06-01 14:13:00,63.03460300972594
2024-06-01 14:14:00,64.45171681593055
2024-06-01 14:15:00,63.15638590345483
2024-06-01 14:16:00,63.592656457010946
2024-06-01 14:17:00,64.02991261755119
2024-06-01 14:18:00,62.02268776760077
2024-06-01 14:19:00,62.743059915244515
2024-06-01 14:20:00,63.947277410825905
2024-06-01 14:21:00,63.036703491339445
2024-06-01 14:22:00,57.4843964639062
2024-06-01 14:23:00,61.93918971914993
2024-06-01 14:24:00,61.71613115501201
2024-06-01 14:25:00,57.99270355586614
2024-06-01 14:26:00,60.121933720977154
2024-06-01 14:27:00,62.4703370046864
2024-06-01 14:28:00,60.68922181493573
2024-06-01 14:29:00,61.5046249764751
2024-06-01 14:30:00,58.7814948161948
2024-06-01 14:31:00,56.938688190536034
2024-06-01 14:32:00,55.30024348820182
2024-06-01 14:33:00,62.4919689600943
2024-06-01 14:34:00,58.21546641109415
2024-06-01 14:35:00,56.26740599888648
2024-06-01 14:36:00,58.22679699367565
2024-06-01 14:37:00,56.03351093526448
2024-06-01 14:38:00,55.83203386131743
2024-06-01 14:39:00,56.32653251878707
2024-06-01 14:40:00,56.46349675108827
2024-06-01 14:41:00,57.57729642126107
2024-06-01 14:42:00,55.66868653799312
2024-06-01 14:43:00,56.28927087689196
2024-06-01 14:44:00,56.69085544015499
2024-06-01 14:45:00,58.064526510231886
2024-06-01 14:46:00,55.85796547889343
2024-06-01 14:47:00,54.51231774561262
2024-06-01 14:48:00,55.609375384732424
2024-06-01 14:49:00,54.47164987042454
2024-06-01 14:50:00,53.46129973103499
2024-06-01 14:51:00,55.27543059579742
2024-06-01 14:52:00,49.66466646029835
2024-06-01 14:53:00,50.20760150675762
2024-06-01 14:54:00,53.5746433731445
2024-06-01 14:55:00,52.31809441354005
2024-06-01 14:56:00,51.08072846860259
2024-06-01 14:57:00,50.65430968141213
2024-06-01 14:58:00,53.291815263938815
2024-06-01 14:59:00,50.52230250742878
2024-06-01 15:00:00,1000.0
2024-06-01 15:01:00,49.07124704364578
2024-06-01 15:02:00,47.23182377076141
2024-06-01 15:03:00,50.351510138538416
2024-06-01 15:04:00,48.756398796321974
2024-06-01 15:05:00,46.118721494875054
2024-06-01 15:06:00,49.96312030732089
2024-06-01 15:07:00,47.28086067338678
2024-06-01 15:08:00,45.06725453010529
2024-06-01 15:09:00,47.945484410196336
2024-06-01 15:10:00,46.13539173617361
2024-06-01 15:11:00,46.55158194978047
2024-06-01 15:12:00,44.99383869691941
2024-06-01 15:13:00,46.78218705022989
2024-06-01 15:14:00,47.13183507662501
2024-06-01 15:15:00,41.65707843424799
2024-06-01 15:16:00,44.161056596603544
2024-06-01 15:17:00,44.72879720773617
2024-06-01 15:18:00,42.842897757122415
2024-06-01 15:19:00,40.781050907627105
2024-06-01 15:20:00,43.104501369900056
2024-06-01 15:21:00,42.9631581311889
2024-06-01 15:22:00,40.51950833171388
2024-06-01 15:23:00,42.61183554449107
2024-06-01 15:24:00,42.026386457817985
2024-06-01 15:25:00,41.077346152822756
2024-06-01 15:26:00,42.3341927240816
2024-06-01 15:27:00,36.68681698320404
2024-06-01 15:28:00,41.07177277815155
2024-06-01 15:29:00,38.66967404375299
2024-06-01 15:30:00,37.77543965981109
2024-06-01 15:31:00,42.26435385596234
2024-06-01 15:32:00,36.03254663723464
2024-06-01 15:33:00,40.73744448551875
2024-06-01 15:34:00,36.80423582476518
2024-06-01 15:35:00,38.560059677411715
2024-06-01 15:36:00,38.668017791211284
2024-06-01 15:37:00,36.1667590786421
2024-06-01 15:38:00,36.65174765301138
2024-06-01 15:39:00,38.04183758149358
2024-06-01 15:40:00,37.104682880172156
2024-06-01 15:41:00,37.23084942621475
2024-06-01 15:42:00,35.27238740669952
2024-06-01 15:43:00,35.570166929251485
2024-06-01 15:44:00,37.57703720151116
2024-06-01 15:45:00,36.74026570885029
2024-06-01 15:46:00,35.70546594651125
2024-06-01 15:47:00,36.01611387551793
2024-06-01 15:48:00,35.74751100870198
2024-06-01 15:49:00,34.561880464690205
2024-06-01 15:50:00,34.5155079632793
2024-06-01 15:51:00,36.15999007854181
2024-06-01 15:52:00,35.54733837445078
2024-06-01 15:53:00,34.90080299695728
2024-06-01 15:54:00,33.4705161258631
2024-06-01 15:55:00,31.5884692166466
2024-06-01 15:56:00,33.13479856687052
2024-06-01 15:57:00,35.26760662813584
2024-06-01 15:58:00,33.122303868523545
2024-06-01 15:59:00,34.76642610125019
2024-06-01 16:00:00,30.970670058661504
2024-06-01 16:01:00,31.7682197472584
2024-06-01 16:02:00,32.87473028070216
2024-06-01 16:03:00,32.03388691890277
2024-06-01 16:04:00,32.81237512583799
2024-06-01 16:05:00,33.10740612186635
2024-06-01 16:06:00,28.636536377508985
2024-06-01 16:07:00,30.315880486049885
2024-06-01 16:08:00,30.011429582995802
2024-06-01 16:09:00,30.75042913226312
2024-06-01 16:10:00,30.681267540198732
2024-06-01 16:11:00,32.181135229721356
2024-06-01 16:12:00,28.4629946807529
2024-06-01 16:13:00,29.931853555919005
2024-06-01 16:14:00,32.53226092836749
2024-06-01 16:15:00,29.95144990881985
2024-06-01 16:16:00,30.481805701669746
2024-06-01 16:17:00,33.366987876562405
2024-06-01 16:18:00,27.184026624118896
2024-06-01 16:19:00,31.24352703021413
2024-06-01 16:20:00,31.8526140610865
2024-06-01 16:21:00,31.578112013968386
2024-06-01 16:22:00,29.117696384005253
2024-06-01 16:23:00,27.768599694617002
2024-06-01 16:24:00,29.33069983371207
2024-06-01 16:25:00,31.101880543754312
2024-06-01 16:26:00,30.94180434201941
2024-06-01 16:27:00,33.33429107651003
2024-06-01 16:28:00,28.524242310825795
2024-06-01 16:29:00,32.45824904732072
2024-06-01 16:30:00,29.052229587961126
2024-06-01 16:31:00,30.930643862816385
2024-06-01 16:32:00,29.58424427464441
2024-06-01 16:33:00,31.62435929789535
2024-06-01 16:34:00,29.714095768259728
2024-06-01 16:35:00,32.060748754311255
2024-06-01 16:36:00,28.997500566590592
2024-06-01 16:37:00,31.08327536057929
2024-06-01 16:38:00,29.393916472379676
2024-06-01 16:39:00,30.682382933100417
2024-06-01 16:40:00,27.93899362778277
2024-06-01 16:41:00,27.45424369977047
2024-06-01 16:42:00,28.833281594559903
2024-06-01 16:43:00,28.9413983861623
2024-06-01 16:44:00,28.954719160069985
2024-06-01 16:45:00,30.862242765194324
2024-06-01 16:46:00,30.30382221899357
2024-06-01 16:47:00,32.9950023008408
2024-06-01 16:48:00,32.64829018344499
2024-06-01 16:49:00,29.1373193054619
2024-06-01 16:50:00,33.030430842643966
2024-06-01 16:51:00,31.46981783553328
2024-06-01 16:52:00,33.36017137713362
2024-06-01 16:53:00,30.626134507361154
2024-06-01 16:54:00,33.032586599179695
2024-06-01 16:55:00,32.59577635168123
2024-06-01 16:56:00,31.8568395311125
2024-06-01 16:57:00,30.217533850026783
2024-06-01 16:58:00,31.92563731258869
2024-06-01 16:59:00,31.574652542925403
2024-06-01 17:00:00,33.030624450976596
2024-06-01 17:01:00,35.49285285024267
2024-06-01 17:02:00,33.16495037926545
2024-06-01 17:03:00,33.41456774283243
2024-06-01 17:04:00,34.445257124848176
2024-06-01 17:05:00,32.53037140344684
2024-06-01 17:06:00,35.39337527262975
2024-06-01 17:07:00,30.87854230575782
2024-06-01 17:08:00,31.428524112058014
2024-06-01 17:09:00,34.983980760949336
2024-06-01 17:10:00,35.78612550088704
2024-06-01 17:11:00,36.002545051450184
2024-06-01 17:12:00,34.24225469180178
2024-06-01 17:13:00,37.564043112436515
2024-06-01 17:14:00,34.89933727465283
2024-06-01 17:15:00,36.55336067756133
2024-06-01 17:16:00,37.830114696370956
2024-06-01 17:17:00,36.49558672135896
2024-06-01 17:18:00,38.124168868075344
2024-06-01 17:19:00,37.08353431217677
2024-06-01 17:20:00,37.232263792706334
2024-06-01 17:21:00,37.05297657713617
2024-06-01 17:22:00,38.386835718728285
2024-06-01 17:23:00,38.861487656464625
2024-06-01 17:24:00,38.8861746906447
2024-06-01 17:25:00,37.46891902684486
2024-06-01 17:26:00,41.04348099525875
2024-06-01 17:27:00,39.55514975992149
2024-06-01 17:28:00,39.589953166861605
2024-06-01 17:29:00,39.870405119886165
2024-06-01 17:30:00,40.50149870817754
2024-06-01 17:31:00,40.41309323922623
2024-06-01 17:32:00,38.57356748887714
2024-06-01 17:33:00,37.59217787332753
2024-06-01 17:34:00,41.43111366576925
2024-06-01 17:35:00,40.51281383988481
2024-06-01 17:36:00,40.56631093395566
2024-06-01 17:37:00,44.13235516969788
2024-06-01 17:38:00,41.33687813606835
2024-06-01 17:39:00,41.13387966050114
2024-06-01 17:40:00,43.67365029188506
2024-06-01 17:41:00,45.72922498731285
2024-06-01 17:42:00,44.354701496178
2024-06-01 17:43:00,45.22034515721978
2024-06-01 17:44:00,45.036617859346165
2024-06-01 17:45:00,41.987997940691585
2024-06-01 17:46:00,44.96660349192335
2024-06-01 17:47:00,43.62473932892197
2024-06-01 17:48:00,48.27143544272727
2024-06-01 17:49:00,45.830675009955826
2024-06-01 17:50:00,45.22828789915373
2024-06-01 17:51:00,44.18920246810021
2024-06-01 17:52:00,46.40192699453815
2024-06-01 17:53:00,50.87420371380116
2024-06-01 17:54:00,45.67784496580526
2024-06-01 17:55:00,50.283702474462785
2024-06-01 17:56:00,48.42079016444611
2024-06-01 17:57:00,48.513855676085946
2024-06-01 17:58:00,49.12464909799234
2024-06-01 17:59:00,50.10777048066938
2024-06-01 18:00:00,52.76757504812306
2024-06-01 18:01:00,50.42623949054101
2024-06-01 18:02:00,50.78297579821767
2024-06-01 18:03:00,49.39415765540493
2024-06-01 18:04:00,49.23367165728652
2024-06-01 18:05:00,50.44617275368422
2024-06-01 18:06:00,51.94254856378234
2024-06-01 18:07:00,53.81200079531856
2024-06-01 18:08:00,55.22898095306234
2024-06-01 18:09:00,52.476931317639064
2024-06-01 18:10:00,53.85563088304731
2024-06-01 18:11:00,54.53873064882233
2024-06-01 18:12:00,55.017792036953054
2024-06-01 18:13:00,53.536359726261125
2024-06-01 18:14:00,55.5733064835279
2024-06-01 18:15:00,55.40356741796934
2024-06-01 18:16:00,56.55225528262194
2024-06-01 18:17:00,57.1765554803656
2024-06-01 18:18:00,57.30978760634854
2024-06-01 18:19:00,55.323330239844466
2024-06-01 18:20:00,56.42053944209153
2024-06-01 18:21:00,58.45486621477521
2024-06-01 18:22:00,56.556668544828895
2024-06-01 18:23:00,57.73461388204204
2024-06-01 18:24:00,57.30786815570462
2024-06-01 18:25:00,59.08159330021136
2024-06-01 18:26:00,58.69773596339636
2024-06-01 18:27:00,58.69266311072453
2024-06-01 18:28:00,59.73175946451113
2024-06-01 18:29:00,60.23609596209909
2024-06-01 18:30:00,62.06124689329377
2024-06-01 18:31:00,63.19655854694435
2024-06-01 18:32:00,60.57350188267219
2024-06-01 18:33:00,60.54216828728618
2024-06-01 18:34:00,59.968758894412076
2024-06-01 18:35:00,59.34195553213494
2024-06-01 18:36:00,62.2590738122675
2024-06-01 18:37:00,63.42211348930786
2024-06-01 18:38:00,59.46386613601751
2024-06-01 18:39:00,66.981611219119
2024-06-01 18:40:00,62.75562286617298
2024-06-01 18:41:00,63.74619460305471
2024-06-01 18:42:00,63.97151457398576
2024-06-01 18:43:00,61.710625911476605
2024-06-01 18:44:00,66.79789791975458
2024-06-01 18:45:00,61.39163826060839
2024-06-01 18:46:00,67.88357323183736
2024-06-01 18:47:00,65.63316220286134
2024-06-01 18:48:00,65.7849175017699
2024-06-01 18:49:00,65.47164949086435
2024-06-01 18:50:00,62.047151345783774
2024-06-01 18:51:00,66.61942689027319
2024-06-01 18:52:00,64.00017827851563
2024-06-01 18:53:00,66.50552732003807
2024-06-01 18:54:00,65.31934995449556
2024-06-01 18:55:00,66.9912265000226
2024-06-01 18:56:00,69.30794209599999
2024-06-01 18:57:00,67.5544203514245
2024-06-01 18:58:00,67.73590873361044
2024-06-01 18:59:00,67.82076996594644
2024-06-01 19:00:00,68.66035549831227
2024-06-01 19:01:00,68.65300440688245
2024-06-01 19:02:00,69.29283507942019
2024-06-01 19:03:00,69.63687961896294
2024-06-01 19:04:00,67.13059319813654
2024-06-01 19:05:00,70.09336665836871
2024-06-01 19:06:00,69.8384690418921
2024-06-01 19:07:00,67.54496610739577
2024-06-01 19:08:00,68.71128146296475
2024-06-01 19:09:00,69.49349466908265
2024-06-01 19:10:00,71.78473701583295
2024-06-01 19:11:00,68.1308103981529
2024-06-01 19:12:00,70.7689952875572
2024-06-01 19:13:00,70.41859080567204
2024-06-01 19:14:00,68.54807669362468
2024-06-01 19:15:00,68.99376835910371
2024-06-01 19:16:00,67.73422654234953
2024-06-01 19:17:00,69.80570682273725
2024-06-01 19:18:00,69.22119060183573
2024-06-01 19:19:00,68.83319400909446
2024-06-01 19:20:00,70.62419402536332
2024-06-01 19:21:00,71.97947212622701
2024-06-01 19:22:00,72.6121324435542
2024-06-01 19:23:00,69.37828574920398
2024-06-01 19:24:00,68.0223230715551
2024-06-01 19:25:00,69.94629969871117
2024-06-01 19:26:00,70.37343209552844
2024-06-01 19:27:00,68.49728164540065
2024-06-01 19:28:00,68.94139968527182
2024-06-01 19:29:00,70.11628157523009
2024-06-01 19:30:00,66.24071913008939
2024-06-01 19:31:00,71.77017587949521
2024-06-01 19:32:00,69.0109480703257
2024-06-01 19:33:00,68.60205329961201
2024-06-01 19:34:00,70.90197640470993
2024-06-01 19:35:00,67.59514607135944
2024-06-01 19:36:00,69.65087135416289
2024-06-01 19:37:00,71.21073869576404
2024-06-01 19:38:00,69.2394144418584
2024-06-01 19:39:00,70.03871882441946
2024-06-01 19:40:00,71.29231914513791
2024-06-01 19:41:00,72.57777666657903
2024-06-01 19:42:00,70.08457585533208
2024-06-01 19:43:00,66.25950348783445
2024-06-01 19:44:00,69.49234646047933
2024-06-01 19:45:00,68.31996705023936
2024-06-01 19:46:00,68.10993053686772
2024-06-01 19:47:00,69.57729926553874
2024-06-01 19:48:00,70.5758893408669
2024-06-01 19:49:00,69.03996916023422
2024-06-01 19:50:00,67.71510325902146
2024-06-01 19:51:00,68.38587833792843
2024-06-01 19:52:00,69.5162990948096
2024-06-01 19:53:00,68.10850039820528
2024-06-01 19:54:00,67.32971282085744
2024-06-01 19:55:00,69.88259939996162
2024-06-01 19:56:00,68.45434306287638
2024-06-01 19:57:00,67.84885027973938
2024-06-01 19:58:00,69.40630911353759
2024-06-01 19:59:00,68.49226136732483
2024-06-01 20:00:00,67.46610785594154
2024-06-01 20:01:00,68.091144687971
2024-06-01 20:02:00,65.78401134510212
2024-06-01 20:03:00,67.20330780370102
2024-06-01 20:04:00,65.3857967213764
2024-06-01 20:05:00,64.76455360579031
2024-06-01 20:06:00,67.63138661950627
2024-06-01 20:07:00,66.70855447959092
2024-06-01 20:08:00,66.83370539611958
2024-06-01 20:09:00,66.38291512744347
2024-06-01 20:10:00,65.04770718122971
2024-06-01 20:11:00,64.98341324916024
2024-06-01 20:12:00,63.706024666862994
2024-06-01 20:13:00,62.303707990481776
2024-06-01 20:14:00,63.9414641367183
2024-06-01 20:15:00,61.006824057089936
2024-06-01 20:16:00,64.37655300301458
2024-06-01 20:17:00,60.40073699727626
2024-06-01 20:18:00,62.95517064853455
2024-06-01 20:19:00,60.71955771486732
2024-06-01 20:20:00,62.73843864563805
2024-06-01 20:21:00,63.37227724265111
2024-06-01 20:22:00,60.49712799177602
2024-06-01 20:23:00,62.058823935118355
2024-06-01 20:24:00,59.27642334906114
2024-06-01 20:25:00,57.559335997124634
2024-06-01 20:26:00,59.743765857765624
2024-06-01 20:27:00,62.53110945539024
2024-06-01 20:28:00,61.164558742128435
2024-06-01 20:29:00,60.87295812208354
2024-06-01 20:30:00,57.18712570661104
2024-06-01 20:31:00,57.80753205190771
2024-06-01 20:32:00,60.420998141148765
2024-06-01 20:33:00,57.58800294302184
2024-06-01 20:34:00,57.744079262951075
2024-06-01 20:35:00,57.26234852482759
2024-06-01 20:36:00,57.62892454406015
2024-06-01 20:37:00,57.907007481098276
2024-06-01 20:38:00,55.56798782006226
2024-06-01 20:39:00,54.81685159607474
2024-06-01 20:40:00,54.30442417147678
2024-06-01 20:41:00,58.405080314750876
2024-06-01 20:42:00,55.60533836409101
2024-06-01 20:43:00,56.182416238788704
2024-06-01 20:44:00,55.39257444538669
2024-06-01 20:45:00,55.441465907916054
2024-06-01 20:46:00,56.65425812360211
2024-06-01 20:47:00,52.69546447450776
2024-06-01 20:48:00,53.75842508880645
2024-06-01 20:49:00,53.13022942986994
2024-06-01 20:50:00,53.475451805716354
2024-06-01 20:51:00,50.44341830802595
2024-06-01 20:52:00,50.196598401267245
2024-06-01 20:53:00,50.55507908557172
2024-06-01 20:54:00,51.29916836211405
2024-06-01 20:55:00,53.26835337275368
2024-06-01 20:56:00,48.362331362779884
2024-06-01 20:57:00,50.82590922779804
2024-06-01 20:58:00,53.68465317284791
2024-06-01 20:59:00,47.214312451859165
2024-06-01 21:00:00,48.51898603022519
2024-06-01 21:01:00,49.28128215320952
2024-06-01 21:02:00,47.17432624376686
2024-06-01 21:03:00,48.74999124104865
2024-06-01 21:04:00,48.71731656555672
2024-06-01 21:05:00,48.68170637913308
2024-06-01 21:06:00,46.34048681570721
2024-06-01 21:07:00,47.87052336614424
2024-06-01 21:08:00,44.90742926180991
2024-06-01 21:09:00,47.87003331437906
2024-06-01 21:10:00,45.465382032855615
2024-06-01 21:11:00,45.25360627614383
2024-06-01 21:12:00,43.24871501762288
2024-06-01 21:13:00,45.670327499979194
2024-06-01 21:14:00,45.30243386343175
2024-06-01 21:15:00,44.7008134331639
2024-06-01 21:16:00,45.646013601979675
2024-06-01 21:17:00,43.94176754114965
2024-06-01 21:18:00,42.36997927026252
2024-06-01 21:19:00,43.047664856468906
2024-06-01 21:20:00,41.6800416213883
2024-06-01 21:21:00,41.2338211922062
2024-06-01 21:22:00,43.22286446039249
2024-06-01 21:23:00,44.29923265057525
2024-06-01 21:24:00,39.32569099839753
2024-06-01 21:25:00,40.753035456185216
2024-06-01 21:26:00,40.38821361238269
2024-06-01 21:27:00,39.6250581792687
2024-06-01 21:28:00,39.7106912272774
2024-06-01 21:29:00,38.829263250923624
2024-06-01 21:30:00,40.104989513562764
2024-06-01 21:31:00,38.977558692067966
2024-06-01 21:32:00,38.80691946115675
2024-06-01 21:33:00,36.908590422205286
2024-06-01 21:34:00,37.80567067198203
2024-06-01 21:35:00,40.75972036694981
2024-06-01 21:36:00,38.49959139635108
2024-06-01 21:37:00,36.48111757698662
2024-06-01 21:38:00,38.795729779724276
2024-06-01 21:39:00,38.53520610703827
2024-06-01 21:40:00,
2024-06-01 21:41:00,37.48525488162549
2024-06-01 21:42:00,36.80124377855711
2024-06-01 21:43:00,38.947259638967864
2024-06-01 21:44:00,34.78520234462215
2024-06-01 21:45:00,36.1886888395294
2024-06-01 21:46:00,35.47440259531014
2024-06-01 21:47:00,33.68717788246304
2024-06-01 21:48:00,35.641447520461554
2024-06-01 21:49:00,34.21779282707133
2024-06-01 21:50:00,35.60212259835963
2024-06-01 21:51:00,33.32266853278951
2024-06-01 21:52:00,33.57417078079745
2024-06-01 21:53:00,34.90652621806828
2024-06-01 21:54:00,35.43033512426855
2024-06-01 21:55:00,33.414170819815084
2024-06-01 21:56:00,33.23324277041393
2024-06-01 21:57:00,31.532108915942512
2024-06-01 21:58:00,32.62121839871063
2024-06-01 21:59:00,31.288999053648062
2024-06-01 22:00:00,33.5135960213456
2024-06-01 22:01:00,33.39971724828499
2024-06-01 22:02:00,32.13123392747883
2024-06-01 22:03:00,31.53835513233492
2024-06-01 22:04:00,31.41107863689842
2024-06-01 22:05:00,31.672789017033153
2024-06-01 22:06:00,29.269919333230316
2024-06-01 22:07:00,32.60179089594921
2024-06-01 22:08:00,33.89108004085263
2024-06-01 22:09:00,30.40507066952405
2024-06-01 22:10:00,31.472632144686763
2024-06-01 22:11:00,31.265994878435436
2024-06-01 22:12:00,31.84339551275064
2024-06-01 22:13:00,27.145869299529252
2024-06-01 22:14:00,31.094978626634393
2024-06-01 22:15:00,30.169351951954027
2024-06-01 22:16:00,29.647050741456464
2024-06-01 22:17:00,30.680059643896453
2024-06-01 22:18:00,27.629145024702506
2024-06-01 22:19:00,30.560797925388556
2024-06-01 22:20:00,29.93195655117202
2024-06-01 22:21:00,28.855646727953044
2024-06-01 22:22:00,29.783322812084734
2024-06-01 22:23:00,28.42762332920888
2024-06-01 22:24:00,32.031261237763964
2024-06-01 22:25:00,30.152459474806598
2024-06-01 22:26:00,31.148242132131088
2024-06-01 22:27:00,29.25631179762843
2024-06-01 22:28:00,33.97090401305093
2024-06-01 22:29:00,31.15579119766669
2024-06-01 22:30:00,31.760761118697836
2024-06-01 22:31:00,26.92037720136087
2024-06-01 22:32:00,32.00651767104836
2024-06-01 22:33:00,27.926427573231916
2024-06-01 22:34:00,30.542975621476852
2024-06-01 22:35:00,27.981321522081515
2024-06-01 22:36:00,31.06498821999608
2024-06-01 22:37:00,30.161397247707036
2024-06-01 22:38:00,30.449346774278556
2024-06-01 22:39:00,29.901174597466234
2024-06-01 22:40:00,29.88781799715832
2024-06-01 22:41:00,31.06085622287247
2024-06-01 22:42:00,28.76942899065156
2024-06-01 22:43:00,28.68710099471711
2024-06-01 22:44:00,29.07060004953896
2024-06-01 22:45:00,29.58741838693215
2024-06-01 22:46:00,31.061491963656483
2024-06-01 22:47:00,28.711765796478854
2024-06-01 22:48:00,29.458001818603435
2024-06-01 22:49:00,30.03877327575504
2024-06-01 22:50:00,29.653763424176482
2024-06-01 22:51:00,32.14877256029113
2024-06-01 22:52:00,30.531481713285338
2024-06-01 22:53:00,35.01214426435208
2024-06-01 22:54:00,32.316444120856026
2024-06-01 22:55:00,35.22303428481398
2024-06-01 22:56:00,33.732566213506814
2024-06-01 22:57:00,32.3187610748225
2024-06-01 22:58:00,32.11548523882159
2024-06-01 22:59:00,31.479454210250317
2024-06-01 23:00:00,32.60057956697574
2024-06-01 23:01:00,35.699570863212564
2024-06-01 23:02:00,32.93862403863884
2024-06-01 23:03:00,31.496549783087193
2024-06-01 23:04:00,33.41236042892646
2024-06-01 23:05:00,36.622538100128466
2024-06-01 23:06:00,35.06010665704733
2024-06-01 23:07:00,33.822449035541666
2024-06-01 23:08:00,31.42720659361765
2024-06-01 23:09:00,32.45412477129828
2024-06-01 23:10:00,33.010636805764854
2024-06-01 23:11:00,34.42034754789437
2024-06-01 23:12:00,35.94204798336114
2024-06-01 23:13:00,38.709223797664784
2024-06-01 23:14:00,35.82165557629277
2024-06-01 23:15:00,36.413171493307395
2024-06-01 23:16:00,35.739296682269554
2024-06-01 23:17:00,37.73562047707467
2024-06-01 23:18:00,35.237364742295185
2024-06-01 23:19:00,36.97215449877273
2024-06-01 23:20:00,36.369430421447724
2024-06-01 23:21:00,38.13833385304073
2024-06-01 23:22:00,39.50417148465247
2024-06-01 23:23:00,35.57709705143739
2024-06-01 23:24:00,39.70272529469921
2024-06-01 23:25:00,37.654922701131774
2024-06-01 23:26:00,39.21480164357814
2024-06-01 23:27:00,41.3526355344406
2024-06-01 23:28:00,40.61427700331489
2024-06-01 23:29:00,38.427777572387505
2024-06-01 23:30:00,37.596638542157955
2024-06-01 23:31:00,42.70676721661053
2024-06-01 23:32:00,42.28756088303199
2024-06-01 23:33:00,41.87419593913117
2024-06-01 23:34:00,39.59336123142696
2024-06-01 23:35:00,44.99462703924081
2024-06-01 23:36:00,44.0444248379114
2024-06-01 23:37:00,41.22826412822719
2024-06-01 23:38:00,41.19705505252821
2024-06-01 23:39:00,42.849738351956795
2024-06-01 23:40:00,43.32655844922949
2024-06-01 23:41:00,42.160298237563225
2024-06-01 23:42:00,44.547037869105836
2024-06-01 23:43:00,43.7111439123162
2024-06-01 23:44:00,46.84763601479857
2024-06-01 23:45:00,46.3101206944523
2024-06-01 23:46:00,44.55332873667125
2024-06-01 23:47:00,44.970151232580506
2024-06-01 23:48:00,46.21742442134833
2024-06-01 23:49:00,46.0794281922939
2024-06-01 23:50:00,45.00016854412871
2024-06-01 23:51:00,47.503318636992816
2024-06-01 23:52:00,49.151085654834304
2024-06-01 23:53:00,49.03283883161623
2024-06-01 23:54:00,50.111213224597606
2024-06-01 23:55:00,48.83691942215956
2024-06-01 23:56:00,48.74035180587184
2024-06-01 23:57:00,45.83828292127032
2024-06-01 23:58:00,49.14425246003615
2024-06-01 23:59:00,47.59557984257209
